"concept","current","stable_v1","draft_0_3","proposed_v1","compatibility","migration_cost","affected_components","status","notes"
"local_variable_syntax","Bare identifier","Bare identifier","Section sign prefix","Section sign prefix is canonical","Read bare variables as legacy and serialize with prefix","HIGH","lexer;parser;parser IR;importer;generator;formatter;highlighter;runtime;roundtrip tests","ADOPT_DRAFT","Bare names require scope-aware migration"
"tasker_percent_variable","Catalog defaults contain percent names but parser has no local percent variable","Not defined","Percent is reserved for Tasker or provider context","Percent names are provider values and never local variables","Provider adapters may import percent names without entering local symbol table","MEDIUM","parser;type resolver;Tasker provider;diagnostics","ADOPT_DRAFT","Separates local and external variable namespaces"
"case_sensitivity","Keywords and command lookup are case-insensitive; variable spelling is preserved","Unspecified","Canonical keyword command and type casing is prescribed","Keywords remain case-insensitive on read; variables are case-sensitive; commands use canonical case plus registered aliases","Existing spelling remains readable during compatibility period","MEDIUM","lexer;command registry;serializer;formatter;tests","KEEP_CURRENT","Serializer emits uppercase keywords lowerCamel commands and PascalCase types"
"statement_termination","Newline and semicolon both terminate statements","Newline with optional semicolon","Newline canonical and semicolon compatible","Newline canonical; semicolon import-only and omitted by serializer","No semantic break","LOW","parser;serializer;formatter;fixtures","ADOPT_DRAFT","Newline inside open parentheses or brackets must not terminate"
"control_delimiters","Parser accepts braces and END forms; generator emits braces","END forms canonical and braces legacy","Braces reserved; END IF END WHILE END REPEAT canonical","END forms canonical and braces deprecated legacy input","Read braces and normalize on serialization","MEDIUM","parser;generator;formatter;fixtures;roundtrip tests","ADOPT_DRAFT","Requires serializer snapshot updates later"
"elseif_spelling","ELSEIF and ELSE IF accepted","Both accepted","ELSEIF canonical","ELSEIF canonical and ELSE IF legacy","Alias remains readable","LOW","parser;serializer;formatter;tests","KEEP_LEGACY_ALIAS","Branch semantics unchanged"
"comments","Line comments with slash slash and REM; rem namespace excluded from REM comments","Slash slash and REM","Slash slash and block comments; directives separate","Slash slash and block comments canonical; REM legacy only","Read REM and normalize to slash slash where comments are retained","MEDIUM","lexer;CST;serializer;formatter;tests","ADOPT_DRAFT","Comment preservation needs CST support"
"string_escapes","Backslash quote newline carriage return tab","Same five escapes","Backslash quote newline tab and optional Unicode escape","Support backslash quote newline carriage return tab and Unicode uXXXX; invalid escapes preserve source and report INVALID_ESCAPE","Current valid strings remain valid","MEDIUM","lexer;source model;serializer;diagnostics;tests","ADOPT_DRAFT","Unicode escape is part of V1"
"unknown_escape","Backslash is silently discarded","Unspecified","Not listed as valid","Emit INVALID_ESCAPE diagnostic and preserve source text","Behavior changes only for invalid scripts","MEDIUM","lexer;diagnostics;tests","ADOPT_DRAFT","Prevents silent data corruption"
"comparison_precedence","Equality and ordered comparison share one precedence tier","Equality is weaker than ordered comparison","Equality is weaker than ordered comparison","Adopt Draft precedence","No safe alias; users must add parentheses where intent differs","HIGH","parser;AST;IR;runtime;generator;tests","ADOPT_DRAFT","True semantic breaking change"
"unary_not","Missing","Missing","Canonical unary operator","Add unary NOT with stable operator identity","Additive syntax","MEDIUM","lexer;parser;IR;blocks;flow;runtime;tests","ADOPT_DRAFT","Must require Bool"
"let_set","Both parsed; SET importer can create unknown variable","Both present","LET declares and SET mutates with diagnostics","Draft semantics with scoped symbol validation","Legacy invalid uses get diagnostics rather than silent repair","HIGH","parser;importer;validator;workspace variables;runtime;tests","ADOPT_DRAFT","Duplicate LET and unknown SET become errors"
"named_arguments","Colon token exists but named arguments are not parsed","Contract mentions future support","Identifier equals expression after positional arguments","Adopt Draft ordering and duplicate-name diagnostics","Positional calls remain valid","MEDIUM","parser;CommandDefinition;diagnostics;generator;completion;tests","ADOPT_DRAFT","Complex APIs should prefer named arguments"
"default_arguments","Split across catalog parser special cases and runtime","CommandCatalog intended owner","CommandDefinition owns defaults","One central CommandDefinition owns defaults","Existing explicit arguments remain valid","MEDIUM","command registry;parser;generator;runtime;tests","ADOPT_DRAFT","Serializer may omit explicit canonical defaults"
"list_and_index","Bracket tokens only","Array syntax listed","List generic type list literal and index access","Adopt List only for V1","No conflict with valid current programs","HIGH","lexer;parser;AST;IR;blocks;flow;runtime;serializer;tests","ADOPT_DRAFT","Map Set Tuple and Object are excluded"
"list_mutation_and_bounds","Missing","Missing","Open freeze point","List is mutable with at least add remove and set; invalid index is a structured validation or runtime error without clamp null or fallback","Additive syntax; invalid future behavior is now fixed","HIGH","type system;CommandDefinition;runtime;diagnostics;tests","ADOPT_DRAFT","No null or undefined source value is introduced"
"for_break_continue","Only formatter and highlighter recognize words","Missing","Canonical loop constructs","Adopt Draft with loop-scope validation","Additive syntax","HIGH","parser;AST;IR;blocks;flow;runtime;serializer;tests","ADOPT_DRAFT","BREAK is distinct from projection flow break"
"function_return","Missing","Outside Stable core","Preview with open scope recursion closure and Void rules","V1 syntax with lexical function scope typed parameters explicit return type RETURN and Void; closures function values and recursion are excluded","Additive syntax; recursive calls are diagnosed","HIGH","parser;symbol table;IR;runtime;blocks;flow;serializer;diagnostics;tests","ADOPT_DRAFT","Void is a return type and not a storable runtime value"
"null","No source literal; runtime has internal NullValue","Missing","Open freeze point","No null or undefined in V1 source language","Internal missing value remains runtime-only","LOW","spec;type checker;diagnostics","REMOVE_FROM_SPEC","Can be added only by later language version"
"core_type_model","Multiple names across parser catalog blocks and runtime","Small scalar core","String Number Bool Any plus structured domains","Draft scalar names and registered domain types; no JVM numeric types","Current scalar scripts normalize without semantic change","HIGH","type registry;parser;IR;blocks;flow;runtime;providers;tests","ADOPT_DRAFT","One type vocabulary is required"
"geometry_values","Region and points are raw command text","Region catalog argument only","Point Size Bounds Region Line Path values","Adopt immutable Draft values; Region is a search or viewport area and Path is one pointer route","Raw region and numeric click inputs need legacy constructors","HIGH","parser;IR;registry;blocks;flow;runtime;vision;tests","ADOPT_DRAFT","Value constructors have no side effects"
"shape_model","Missing","Missing","Circle Rectangle Triangle Polygon and Shape with open hierarchy details","Use Shape as common immutable supertype; Region is not Shape","Additive syntax","HIGH","type registry;IR;ShapeMaker boundary;draw runtime;blocks;flow","ADOPT_DRAFT","Concrete resource identity remains separate"
"shape_overlay_lifecycle","Missing","Missing","Shape and rendered identity are not separated","Shape is immutable; draw returns a stable OverlayHandle valid until remove clear or runtime context end; persisted assets and handles never share identity","Additive type boundary","HIGH","type registry;IR;overlay runtime;ShapeMaker;serializer;tests","ADOPT_DRAFT","Transform and animate consume OverlayHandle without mutating Shape"
"geometry_overloads_bezier","Raw or missing","Missing","Overloads timing hold speed and Bezier are open","Path contains ordered timeless LineSegment and BezierSegment values; constructor overloads are CommandDefinition-owned and contain no gesture timing","Raw path input requires typed migration","HIGH","CommandDefinition;geometry model;ShapeMaker;serializer;tests","ADOPT_DRAFT","Quadratic and cubic Bezier representations are geometry only"
"geometry_gesture_timing_boundary","Raw swipe data mixes points and timing","Missing","Draft allowed timing data in Path","Path is timeless geometry; PointerPath combines one Path with timing; MultiPath contains parallel PointerPaths; GestureSequence contains sequential Gestures","Legacy raw gestures require structural import","HIGH","type system;IR;gesture runtime;serializer;blocks;flow;tests","ADOPT_DRAFT","Path can be reused unchanged by draw swipe and animate.path"
"click_naming","click takes text and clickPoint takes coordinates","click examples are ambiguous","click is coordinate or Point; clickText and semantic target variants are distinct","Adopt Draft family","click string maps to clickText and clickPoint maps to click during import","MEDIUM","registry;parser;importer;generator;blocks;runtime;tests","ADOPT_DRAFT","Prevents overload ambiguity"
"swipe_path","Swipe accepts raw Any and runtime extracts numbers","No typed Path","Swipe consumes two Points or one Path","Adopt Draft; one Path equals one pointer","Existing numeric or raw form imported through compatibility adapter","HIGH","geometry model;registry;parser;IR;runtime;blocks;flow;tests","ADOPT_DRAFT","Repeat and duration become typed or named parameters"
"push_pull_pan_rotate","Missing","Missing","Canonical high-level multi-touch actions","Adopt Draft actions","Additive syntax","HIGH","gesture model;registry;runtime adapter;blocks;flow;tests","ADOPT_DRAFT","All compile to MultiPath"
"pinch","Missing","Missing","Meaning relative to Push and Pull is open","No independent V1 primitive; reserve the name and permit only a future convenience alias for push or pull","No current syntax affected","LOW","spec;future gesture aliases;docs","REMOVE_FROM_SPEC","Canonical V1 uses push for outward and pull for inward motion"
"rotate_direction","Missing","Missing","Angle sign convention open","In Android screen coordinates positive angles are clockwise and negative angles counter-clockwise; explicit direction values may supplement signs","Additive syntax","MEDIUM","gesture model;runtime;docs;tests","ADOPT_DRAFT","Positive Y points down on screen"
"multipath_multiswipe_sequence","Only raw touch sequence placeholder","Missing","MultiPath means parallel pointers and Sequence means sequential complete gestures","Adopt Draft separation","Legacy touch raw data needs typed importer","HIGH","type model;parser;IR;runtime;blocks;flow;tests","ADOPT_DRAFT","Offsets belong to pointer paths"
"builder_build_add_go","Missing","Missing","Optional mutable convenience builder","Exclude from V1 core; use multiPath value plus multiSwipe action","Future builder can be library sugar","LOW","spec;future registry","REMOVE_FROM_SPEC","Avoids named mutable builder state in core language"
"low_level_touch","One generic touch sequence command and no live implementation","Missing","Typed single multi down move up dispatch reset swipe and getBetween","Adopt as typed escape hatch","Generic touch remains a legacy import facade","HIGH","registry;touch IR;runtime adapter;blocks;flow;tests","ADOPT_DRAFT","High-level gestures remain preferred"
"draw","Missing","Missing","Draw action consumes geometry or shape; canonical form open","draw value is canonical and draw subtype calls are aliases","No current syntax affected","HIGH","registry;IR;overlay runtime;ShapeMaker;blocks;flow;tests","ADOPT_DRAFT","Keeps geometry independent of rendering"
"transform","Missing","Missing","Transform action family","Use transform namespace with typed shape or overlay handles","Additive syntax","HIGH","registry;IR;overlay runtime;ShapeMaker;tests","ADOPT_DRAFT","Transform changes state"
"animate","Missing","Missing","Animation action family","Use animate namespace with duration and easing parameters","Additive syntax","HIGH","registry;IR;animation runtime;ShapeMaker;tests","ADOPT_DRAFT","Animation is temporal transition"
"query_return_types","Many query-like catalog entries are Statement to Void","Incomplete","Queries return typed values","Every Query declares return type and is expression-eligible","Existing statement use remains valid","HIGH","CommandCatalog;parser;IR;block slots;flow ports;runtime adapters;tests","ADOPT_DRAFT","Actions remain Void"
"provider_namespaces","Mixed capitalized canonical namespaces with case-insensitive lookup","Qualified names supported","Lowercase capability-based namespaces","Use lowercase tasker shizuku termux customTab scrcpy chart and vt2vt namespaces","Current capitalized names remain registered aliases","MEDIUM","registry;serializer;completion;docs;fixtures;provider tests","ADOPT_DRAFT","Grammar does not change per provider"
"unknown_provider_command","Unknown calls fail; unavailable adapters use capability gates","Diagnostics required","UNKNOWN_COMMAND and PROVIDER_UNAVAILABLE are distinct","Keep distinction and forbid silent fallback","Existing behavior retained and clarified","LOW","parser;registry;capability gate;diagnostics;tests","KEEP_CURRENT","Dispatch metadata must be verified against adapters"
"projection_directives","No at-directive grammar","Missing","Persistent runtime-inert Projection AST","Adopt separate Projection nodes outside Runtime IR","Additive syntax","HIGH","lexer;parser;projection AST;persistence;blocks;flow;tests","ADOPT_DRAFT","Removing directives must not alter runtime behavior"
"rem_legacy_mapping","Eight rem namespace commands are statement and control-flow entries but have no direct live effect","REM is a comment and rem flow commands are repository extension","At-directives replace projection commands","Normalize only provably lossless flowBreak and layoutHint forms; keep region variableBulk expressionCapsule group and off-page forms as readable structural legacy until identity and extent are mapped","V1.x reader support; no lossy serializer rewrite","HIGH","parser;registry;RemFlowMetadata;IrGraphGenerator;flow projector;serializer;tests","KEEP_LEGACY_ALIAS","rem forms never carry Runtime Action or CONTROL_FLOW semantics"
"directive_pairing","Current facets have mixed point and implicit range semantics","Missing","Group and layer start end forms with open pairing decision","Range directives use explicit start and end paired by stable ID with missing duplicate mismatch and nesting diagnostics; point directives are unpaired","Legacy implicit extents require structural migration","HIGH","projection AST;importer;serializer;validator;flow facets;tests","ADOPT_DRAFT","Removing every directive must preserve runtime behavior"
"runtime_marker","No clear source-level split","Missing","trace mark is runtime while at-marker is projection","Adopt explicit separation","No current source form removed","MEDIUM","registry;runtime trace;projection AST;RailTrace;tests","ADOPT_DRAFT","Same label may be used but semantic nodes differ"
"canonical_serializer","Generator emits braces and semicolons and partially canonicalizes aliases","Line-oriented target","Deterministic newline END syntax canonical names and no optional semicolons","Adopt Draft serializer contract","Legacy forms remain parser-only","HIGH","generator;formatter;source mapping;fixtures;roundtrip tests","ADOPT_DRAFT","Requires typed IR before implementation"
"legacy_compatibility_lifetime","Legacy support is inconsistent","No removal version","Compatibility period required","Documented legacy syntax remains readable throughout V1.x and can be removed no earlier than 2.0; canonical serializer never emits it","Protects existing V1 users","MEDIUM","legacy importer;diagnostics;serializer;fixtures;documentation","KEEP_LEGACY_ALIAS","Deprecation warnings are allowed but arbitrary V1.x removal is forbidden"
