"stableId","canonicalName","aliases","parameters","currentReturnType","proposedReturnType","nullable","primaryClass","secondaryFlags","commandCallReady","workspaceReady","irReady","runtimeHandlerExists","runtimeValueExists","absentSemanticsKnown","failureSemanticsKnown","sentinelUsed","provider","structuredTypeNeeded","proposedStructuredType","transportReady","consumptionReady","firstLossPoint","migrationRisk","recommendedSlice","existingInternalType","repositoryFields","plannedOnlyFields","producer","consumer","bridgeStatus","testEvidence","evidence"
"action.findTemplate","findTemplate","FIND_TEMPLATE","imagePath:IMAGE_TEMPLATE|threshold:PERCENT|timeoutMs:DURATION_MS|retryCount:NUMBER?|searchRegion:REGION?","Void/unspecified","ImageMatch?","YES","C_STRUCTURED_RESULT_TYPE","NULLABLE|STRUCTURED|RUNTIME_VALUE_EXISTS|NEEDS_NEW_TYPE|FAILURE_COLLISION","false","false","false","true","true","true","false","false","workspace vision adapter","true","ImageMatch","false","false","WorkspaceBasicRuntime converts RuntimeTemplateMatch? to LiveExecutionOutcome text.","HIGH","Define ImageMatch and split not-found from vision/runtime failure before expression migration.","RuntimeTemplateMatch","name:String; region:RuntimeAutomationRegion; score:Float","none","WorkspaceBasicRuntimeEnvironment.findTemplate / WorkspaceScreen vision adapter","WorkspaceBasicRuntime LiveExecutionOutcome","CONFLICT/CONTRACT_DECISION","WorkspaceBasicRuntimeTest; WorkspaceDryRunRuntimeTest; EmscriptParserSliceTest","A threshold-qualified match exists; null covers no qualifying match and unavailable comparison evidence, while score and region are discarded into display text."
"vision.findText","findText","Region.findText|FIND_TEXT","text:TEXT|timeoutMs:DURATION_MS?","Void/unspecified","UNRESOLVED","UNKNOWN","D_RUNTIME_RESULT_GAP","PROVIDER_BACKED|BLOCKED","false","false","false","false","false","false","false","false","visualtasker.vision","false","","false","false","No WorkspaceBasicRuntime environment function or value-returning vision provider dispatch exists.","BLOCKED","Specify cardinality and provider result before selecting scalar, list or structured return type.","","","none","none","statement-only catalog/runtime trace","CONFLICT/CONTRACT_DECISION","EmscriptParserSliceTest; RuntimeCapabilityGateTest","Catalog parameters establish text and timeout only; no authoritative OCR result, match collection or not-found/failure contract exists."
"vision.markerLoad","markerLoad","Marker.load|LOAD_MARKER","name:TEXT","Void/unspecified","Region?","YES","C_STRUCTURED_RESULT_TYPE","NULLABLE|STRUCTURED|RUNTIME_VALUE_EXISTS|NEEDS_NEW_TYPE|FAILURE_COLLISION","false","false","false","true","true","true","false","false","visualtasker.vision","true","Region","false","false","WorkspaceBasicRuntime converts RuntimeAutomationRegion? to text; EmscriptValue has no RegionValue.","HIGH","Define Region as a first-class language/runtime value and split lookup absence from load failure.","RuntimeAutomationRegion","x:Int; y:Int; width:Int; height:Int","none","WorkspaceScreen saved-marker lookup","WorkspaceBasicRuntime LiveExecutionOutcome","CONFLICT/CONTRACT_DECISION","WorkspaceBasicRuntimeTest; WorkspaceDryRunRuntimeTest; EmscriptParserSliceTest","Saved markers yield exact bounds or null; Region exists as parameter syntax but not as a TypeDefinition-backed runtime result."
"tasker.isEnabled","Tasker.isEnabled","","","Void/unspecified","Bool","NO","F_SENTINEL_OR_ERROR_COLLISION","PROVIDER_BACKED|RUNTIME_VALUE_EXISTS|FAILURE_COLLISION","false","false","false","true","true","true","false","false","visualtasker.tasker","false","","true","true","WorkspaceScreen maps isEnabled to composite status.available and then to RuntimeAdapterResult.","HIGH","Define whether isEnabled means the enabled preference or full provider availability.","","","none","TaskerRegistration.inspect","WorkspaceScreen taskerCommand adapter","CONFLICT/CONTRACT_DECISION","WorkspaceBasicRuntimeTest provider dispatch; QueryReturnContractAuditTest","status.available combines installation, permission, enabled preference, external access and receiver availability; false is not one stable fact."
"tasker.getVariable","Tasker.getVariable","","name:VARIABLE_REF","Void/unspecified","UNRESOLVED","UNKNOWN","D_RUNTIME_RESULT_GAP","PROVIDER_BACKED|BLOCKED","false","false","false","false","false","false","false","false","visualtasker.tasker","false","","false","false","No value-returning runtime/provider contract exists for this command.","BLOCKED","Connect a typed variable result and distinguish missing variable from provider failure.","","","none","none","statement-only adapter/trace","CONFLICT/CONTRACT_DECISION","WorkspaceBasicRuntimeTest provider dispatch; QueryReturnContractAuditTest","Runner/Receiver contract is explicitly not connected; no variable value is returned."
"tasker.getVariables","Tasker.getVariables","","pattern:TEXT?","Void/unspecified","UNRESOLVED","UNKNOWN","D_RUNTIME_RESULT_GAP","PROVIDER_BACKED|BLOCKED","false","false","false","false","false","false","false","false","visualtasker.tasker","false","","false","false","No value-returning runtime/provider contract exists for this command.","BLOCKED","Connect the result contract and establish collection cardinality.","","","none","none","statement-only adapter/trace","CONFLICT/CONTRACT_DECISION","WorkspaceBasicRuntimeTest provider dispatch; QueryReturnContractAuditTest","No collection result exists; command name and pattern do not prove List, Map or opaque payload semantics."
"shizuku.getUid","Shizuku.getUid","","","Void/unspecified","Number?","YES","F_SENTINEL_OR_ERROR_COLLISION","NULLABLE|PROVIDER_BACKED|RUNTIME_VALUE_EXISTS|SENTINEL|FAILURE_COLLISION","false","false","false","true","true","false","false","true","visualtasker.shizuku","false","","true","false","inspect collapses unavailable/permission/binder/getUid failure to uid=null; adapter renders null as -1.","HIGH","Replace -1 with a typed UID/absence/failure provider result before Number? migration.","","","none","ShizukuRegistration.inspect / Shizuku.getUid","WorkspaceScreen shizukuCommand adapter","CONFLICT/CONTRACT_DECISION","WorkspaceBasicRuntimeTest; ShizukuRegistrationStatusTest; PluginRuntimeReadinessTest","uid is read only with live binder and permission; exceptions become null, so not installed, unavailable binder, missing permission and call failure are indistinguishable."
"termux.get","Termux.get","","key:TEXT","Void/unspecified","String?","YES","F_SENTINEL_OR_ERROR_COLLISION","NULLABLE|PROVIDER_BACKED|RUNTIME_VALUE_EXISTS|SENTINEL|FAILURE_COLLISION","false","false","false","true","true","false","false","true","visualtasker.termux","false","","true","false","WorkspaceScreen maps unknown keys to empty String and embeds values in RuntimeAdapterResult.message.","HIGH","Define supported keys and separate empty value, unknown key, unavailable provider and failure.","","","none","TermuxRegistration.inspect / WorkspaceScreen key selector","WorkspaceScreen termuxCommand adapter","CONFLICT/CONTRACT_DECISION","WorkspaceBasicRuntimeTest provider dispatch; QueryReturnContractAuditTest","Known keys produce Boolean/status strings; unknown key uses an empty-string sentinel and no typed payload exists."
"scrcpy.isRunning","Scrcpy.isRunning","","serial:TEXT?","Void/unspecified","Bool","NO","F_SENTINEL_OR_ERROR_COLLISION","PROVIDER_BACKED|RUNTIME_VALUE_EXISTS|FAILURE_COLLISION","false","false","false","true","true","true","false","false","visualtasker.scrcpy","false","","true","true","WorkspaceScreen substitutes bridgeReady for process/session running state.","HIGH","Define actual scrcpy session-running state independently from USB/ADB readiness.","","","none","Vt2VtUsbAdbBridge.detect","WorkspaceScreen scrcpyCommand adapter","CONFLICT/CONTRACT_DECISION","WorkspaceBasicRuntimeTest provider dispatch; QueryReturnContractAuditTest","bridgeReady means USB connected and ADB enabled; it does not establish a running scrcpy process or session."
"scrcpy.get","Scrcpy.get","","key:TEXT","Void/unspecified","UNRESOLVED","UNKNOWN","F_SENTINEL_OR_ERROR_COLLISION","PROVIDER_BACKED|RUNTIME_VALUE_EXISTS|FAILURE_COLLISION|BLOCKED","false","false","false","true","true","false","false","false","visualtasker.scrcpy","false","","false","false","WorkspaceScreen ignores key semantics and always returns bridge status summary text.","BLOCKED","Define supported keys and typed status/session results.","","","none","Vt2VtUsbAdbBridge.detect","WorkspaceScreen scrcpyCommand adapter","CONFLICT/CONTRACT_DECISION","WorkspaceBasicRuntimeTest provider dispatch; QueryReturnContractAuditTest","A summary exists, but key is ignored and no absence/failure contract exists."
"chart.exists","Chart.exists","","id:TEXT","Void/unspecified","UNRESOLVED","UNKNOWN","D_RUNTIME_RESULT_GAP","PROVIDER_BACKED|BLOCKED","false","false","false","false","false","false","false","false","visualtasker.charts","false","","false","false","No value-returning runtime/provider contract exists for this command.","BLOCKED","Add a provider-independent chart lookup result contract before Bool semantics.","","","none","none","statement-only adapter/trace","CONFLICT/CONTRACT_DECISION","WorkspaceBasicRuntimeTest provider dispatch; QueryReturnContractAuditTest","Catalog/plugin metadata exists, but WorkspaceBasicRuntime has no chart dispatch or existence result."
"chart.get","Chart.get","","id:TEXT|key:TEXT?","Void/unspecified","UNRESOLVED","UNKNOWN","D_RUNTIME_RESULT_GAP","PROVIDER_BACKED|BLOCKED","false","false","false","false","false","false","false","false","visualtasker.charts","false","","false","false","No value-returning runtime/provider contract exists for this command.","BLOCKED","Define query keys and result model before selecting a return type.","","","none","none","statement-only adapter/trace","CONFLICT/CONTRACT_DECISION","WorkspaceBasicRuntimeTest provider dispatch; QueryReturnContractAuditTest","No value-returning chart path exists; id and optional key do not establish scalar, collection or structured semantics."
