"command_id","meaning","current_return_declaration","current_runtime_value","proposed_v1_return_type","nullable","absent_semantics","negative_result_semantics","failure_semantics","first_loss_point","current_transport_path","infrastructure_fit","existing_emscript_value","required_new_value_type","diagnostics","generic_command_call_sufficient","generic_reporter_sufficient","roundtrip_legacy_risk","migration_group"
"action.findTemplate","Find the best threshold-qualified occurrence of a stored image template in the current visual evidence.","Void/unspecified (statement-shaped)","RuntimeTemplateMatch? is converted to LiveExecutionOutcome text; null is shown as not found.","ImageMatch?","true","The template search completed successfully but no candidate in the requested region reached the threshold before timeout.","No separate negative scalar exists; a score, including 0 when threshold permits it, is data inside ImageMatch.","Vision adapter unavailable, template resource missing or unreadable, capture unavailable, or comparison failed.","compareScreenshotRegions returns nullable score, so missing evidence, comparison failure and no match collapse before RuntimeTemplateMatch; LiveExecutionOutcome then discards region and score.","WorkspaceScreen vision callback -> RuntimeTemplateMatch? -> WorkspaceBasicRuntime statement outcome text.","NEW_STRUCTURED_VALUE","NullValue only","ImageMatchValue(templateId, label, region, score)","VISION_ADAPTER_UNAVAILABLE|TEMPLATE_RESOURCE_UNAVAILABLE|VISION_CAPTURE_FAILED|TEMPLATE_MATCH_FAILED","true","true","Keep stable ID action.findTemplate and import aliases findTemplate/FIND_TEMPLATE; canonical templateFind normalization must preserve all five arguments.","M1B-3Y"
"vision.findText","Return the best textual observation matching the requested text from one completed perception pass.","Void/unspecified (statement-shaped)","No value-returning provider or runtime handler exists; the catalog currently produces only a statement trace.","TextMatch?","true","OCR/perception completed successfully and produced no text observation matching the query.","No negative scalar; confidence 0 is a legitimate TextMatch field only when a provider emits such a match.","Vision adapter unavailable, screen capture failed, OCR engine failed, or provider response was malformed.","There is no provider result contract or WorkspaceBasicRuntime environment function.","Catalog statement -> generic trace only; no producer-to-runtime value path.","NEW_STRUCTURED_VALUE","NullValue only","TextMatchValue(text, region, confidence, source)","VISION_ADAPTER_UNAVAILABLE|VISION_CAPTURE_FAILED|OCR_FAILED|VISION_RESULT_INVALID","true","true","Keep stable ID vision.findText and aliases Region.findText/FIND_TEXT. Singular findText returns the best match; a future multi-match command must use a distinct ID.","M1B-3Y"
"vision.markerLoad","Load an immutable snapshot of a persisted marker resource by stable marker ID or legacy label.","Void/unspecified (statement-shaped)","RuntimeAutomationRegion? is returned by the callback after mutating canvas selection; marker identity and metadata are discarded.","Marker?","true","The marker repository was read successfully and contains no marker with the requested ID or label.","No negative scalar and no empty-marker sentinel.","Marker repository unavailable, persisted marker malformed, or geometry/metadata decoding failed.","WorkspaceScreen markerLoad projects ScreenshotCanvasSavedMarker to region only and uses null for both missing and failed storage paths.","Persisted marker list -> ScreenshotCanvasSavedMarker -> RuntimeAutomationRegion? -> statement outcome text.","NEW_STRUCTURED_VALUE","NullValue only","MarkerValue(markerId, label, region, path, mode, assetId, threshold)","VISION_ADAPTER_UNAVAILABLE|MARKER_REPOSITORY_UNAVAILABLE|MARKER_DECODE_FAILED","true","true","Keep markerLoad/Marker.load/LOAD_MARKER. Lookup may accept a legacy label, but the returned value must retain the stable marker ID and must not be a live UI handle.","M1B-3Y"
"tasker.isEnabled","Report Tasker's own enabled preference, not complete WSS-to-Tasker execution readiness.","Void/unspecified (statement-shaped)","TaskerRegistrationStatus.available combines installation, RUN_TASKS permission, enabled preference, external access and receiver availability.","Bool","false","No ABSENT state.","false means Tasker is not installed or its own enabled preference is explicitly false.","Adapter unavailable, installation inspection failed, or the installed Tasker preference could not be read reliably.","taskerPrefSet converts provider exceptions and missing rows to null; WorkspaceScreen then substitutes composite status.available.","Tasker content-provider/package inspection -> TaskerRegistrationStatus -> RuntimeAdapterResult success/message without typed value.","EXISTING_SCALAR","BooleanValue","none","TASKER_ADAPTER_UNAVAILABLE|TASKER_INSTALLATION_CHECK_FAILED|TASKER_ENABLED_CHECK_FAILED","true","true","Normalize Tasker.isEnabled to tasker.isEnabled while retaining the former spelling as an import alias.","M1B-3W"
"tasker.getVariable","Read the current String value of one named Tasker variable.","Void/unspecified (statement-shaped)","No Runner/Receiver result contract is connected and no value is produced.","String?","true","The Tasker query succeeded but the named variable does not exist.","An empty String is a legitimate variable value and must not become ABSENT.","Tasker or adapter unavailable, permission/access denied, IPC failed, or response was malformed.","The Tasker adapter has no value-returning receiver/session path for getVariable.","Catalog statement -> unconnected Tasker adapter warning; no return payload.","EXISTING_SCALAR","StringValue and NullValue","none","TASKER_ADAPTER_UNAVAILABLE|TASKER_NOT_INSTALLED|TASKER_ACCESS_DENIED|TASKER_VARIABLE_QUERY_FAILED|TASKER_RESULT_INVALID","true","true","Normalize Tasker.getVariable to tasker.getVariable and retain the legacy alias and variable-reference argument spelling.","M1B-3W"
"tasker.getVariables","Return all Tasker variable name/value pairs matching the optional pattern.","Void/unspecified (statement-shaped)","No collection result producer or receiver contract exists.","List<TaskerVariable>","false","No ABSENT state; a successful query always returns a list.","An empty list means the query succeeded and no variables matched. Empty String remains a legitimate TaskerVariable value.","Tasker or adapter unavailable, permission/access denied, IPC failed, or collection response was malformed.","The Tasker bridge has no collection-returning receiver/session path or runtime list value.","Catalog statement -> unconnected Tasker adapter warning; no collection payload.","NEW_COLLECTION_AND_STRUCTURED_VALUE","ContractValue.ListValue exists only in language-core; runtime EmscriptValue has no list or TaskerVariable value.","ListValue<TaskerVariableValue(name, value)>","TASKER_ADAPTER_UNAVAILABLE|TASKER_NOT_INSTALLED|TASKER_ACCESS_DENIED|TASKER_VARIABLE_QUERY_FAILED|TASKER_RESULT_INVALID","true","true","Normalize Tasker.getVariables to tasker.getVariables and retain the legacy spelling; result ordering must be deterministic by variable name.","M1B-3X"
"shizuku.getUid","Return the UID of the currently available Shizuku service.","Void/unspecified (statement-shaped)","ShizukuRegistrationStatus.uid is rendered as -1 when unavailable; inspectAvailability also suppresses getUid exceptions into null.","Number?","true","No Shizuku service UID is currently available because Shizuku is not installed, permission is not granted, or the binder is not alive.","0 is a legitimate UID and must remain NumberValue(0); negative sentinel values are forbidden.","Adapter unavailable, package/permission/binder inspection failed technically, getUid threw, or returned an invalid negative UID.","inspectShizukuAvailability uses runCatching(uidProbe).getOrNull and WorkspaceScreen converts null to -1 text.","Shizuku inspection -> nullable Int -> RuntimeAdapterResult message text with -1 sentinel.","EXISTING_SCALAR","NumberValue and NullValue","none","SHIZUKU_ADAPTER_UNAVAILABLE|SHIZUKU_INSTALLATION_CHECK_FAILED|SHIZUKU_PERMISSION_CHECK_FAILED|SHIZUKU_BINDER_CHECK_FAILED|SHIZUKU_UID_QUERY_FAILED","true","true","Normalize Shizuku.getUid to shizuku.getUid and retain the legacy spelling; remove only the -1 sentinel, not valid UID 0.","M1B-3W"
"termux.get","Read one supported Termux registration-status property as canonical text.","Void/unspecified (statement-shaped)","Known keys produce String text; an unknown key becomes empty String and all inspection faults are flattened into status fields.","String?","true","The requested key is not in the frozen key set: installed, apiInstalled, canRunCommands, permission, summary.","Supported Boolean/status keys return explicit text such as false or missing; these are values, not ABSENT. Empty String is not a missing-key sentinel in V1.","Adapter unavailable or package/permission/status inspection failed technically.","TermuxRegistration.inspect uses Boolean fallbacks, then WorkspaceScreen maps unknown keys to empty String and stores the value only in message text.","Termux registration inspection -> key switch -> RuntimeAdapterResult message text.","EXISTING_SCALAR","StringValue and NullValue","none","TERMUX_ADAPTER_UNAVAILABLE|TERMUX_STATUS_CHECK_FAILED","true","true","Normalize Termux.get to termux.get and retain the legacy spelling. Empty key remains a legacy alias for summary; unknown nonempty keys become NullValue.","M1B-3W"
"scrcpy.isRunning","Report whether a scrcpy session for the optional serial is actively running.","Void/unspecified (statement-shaped)","Vt2VtUsbAdbBridgeStatus.bridgeReady is substituted for scrcpy process/session state.","Bool","false","No ABSENT state.","false means the session registry was inspected successfully and no matching scrcpy session is running, including when no host/device is available.","scrcpy adapter unavailable or session/process state could not be inspected reliably.","WorkspaceScreen uses USB/ADB bridge readiness instead of a scrcpy session registry; Vt2VtUsbAdbBridge.detect also converts technical probe errors to false.","VT2VT USB/ADB status -> bridgeReady Boolean -> RuntimeAdapterResult success/message without typed value.","EXISTING_SCALAR","BooleanValue","none","SCRCPY_ADAPTER_UNAVAILABLE|SCRCPY_SESSION_CHECK_FAILED","true","true","Normalize Scrcpy.isRunning to scrcpy.isRunning and retain the legacy spelling. Optional serial selects one session without changing return type.","M1B-3W"
"scrcpy.get","Read one textual property of the active scrcpy session selected by the provider and key.","Void/unspecified (statement-shaped)","The requested key is ignored and the VT2VT USB/ADB bridge summary is always embedded in message text.","String?","true","A known session key has no value because no matching active session exists. Frozen keys are sessionId, serial, state, transport, host and port.","No negative scalar; textual state values such as stopped are legitimate values when supplied by an existing session snapshot.","Adapter unavailable, session inspection failed, response malformed, or a nonempty key is outside the frozen key set.","WorkspaceScreen ignores key semantics and substitutes Vt2VtUsbAdbBridgeStatus.summary for a scrcpy session value.","VT2VT USB/ADB status -> summary String -> RuntimeAdapterResult message text.","EXISTING_SCALAR","StringValue and NullValue","none","SCRCPY_ADAPTER_UNAVAILABLE|SCRCPY_SESSION_CHECK_FAILED|SCRCPY_UNKNOWN_KEY|SCRCPY_RESULT_INVALID","true","true","Normalize Scrcpy.get to scrcpy.get and retain the legacy spelling; key names are case-insensitive on import and canonical lowerCamelCase on serialization.","M1B-3W"
"chart.exists","Test whether the chart repository contains a chart snapshot with the requested stable ID.","Void/unspecified (statement-shaped)","No chart dispatch, repository lookup or result exists in WorkspaceBasicRuntime.","Bool","false","No ABSENT state.","false means the chart repository was read successfully and contains no chart with that ID.","Chart adapter/repository unavailable or repository lookup failed.","No provider-independent chart repository adapter is connected to WorkspaceBasicRuntime.","Catalog statement only; ChartGraph domain models are not connected to EMScript runtime.","EXISTING_SCALAR","BooleanValue","none","CHART_ADAPTER_UNAVAILABLE|CHART_REPOSITORY_QUERY_FAILED","true","true","Normalize Chart.exists to chart.exists and retain the legacy spelling; chart ID is a persistent resource ID, not a runtime handle.","M1B-3Z"
"chart.get","Load an immutable chart value snapshot by persistent chart ID.","Void/unspecified (statement-shaped)","No chart dispatch or value exists; the optional legacy key has no repository-backed semantics.","ChartSnapshot?","true","The chart repository was read successfully and contains no chart with the requested ID.","An existing chart with empty series/data is a legitimate ChartSnapshot value, not ABSENT.","Chart adapter/repository unavailable, persisted chart malformed, or snapshot decoding failed.","No chart repository adapter or EMScript chart value exists; catalog metadata is the only current path.","Catalog statement only; ChartDocument exists in the plugin but is not transported into EMScript.","NEW_STRUCTURED_VALUE","NullValue only; ChartDocument is a plugin domain model, not an EMScript runtime value.","ChartSnapshotValue(id, title, kind, immutable data and options)","CHART_ADAPTER_UNAVAILABLE|CHART_REPOSITORY_QUERY_FAILED|CHART_DECODE_FAILED|CHART_LEGACY_KEY_UNSUPPORTED","true","true","Normalize Chart.get to chart.get and retain the legacy spelling. Canonical V1 uses chart.get(id); the optional legacy key is import-only and must fail explicitly until mapped to a dedicated property command.","M1B-3Z"
