statements,path,change,parse_ms,anchor_resolution_ms,identity_reconciliation_ms,source_apply_plan_ms,workspace_transaction_ms,validation_ms,projection_publish_ms,assembly_ms,blocks,entities,relations,entity_anchors,relation_anchors,operations,reducer_calls,bulk_objects,publications,instantiate_calls,update_field_calls,connect_calls,entity_anchor_comparisons,relation_anchor_comparisons
40,legacy,format-only,0.794,0.246,7.100,6.996,1.249,40.883,8.319,14.407,41,42,41,0,0,0,0,41,1,41,40,40,0,0
40,legacy,structural,0.858,0.269,8.458,5.477,2.989,49.297,9.326,13.952,42,43,42,0,0,2,0,42,1,42,41,41,0,0
40,anchor,format-only,3.771,3.247,6.134,3.804,0.939,27.986,7.442,16.307,41,42,41,40,39,0,0,41,1,41,40,40,1680,1599
40,anchor,structural,4.411,4.965,6.790,4.651,2.621,31.190,6.513,14.775,42,43,42,40,39,2,0,42,1,42,41,41,1720,1638
80,legacy,format-only,1.511,0.694,9.850,9.403,1.786,475.430,20.122,27.370,81,82,81,0,0,0,0,81,1,81,80,80,0,0
80,legacy,structural,1.144,0.661,10.318,4.970,2.028,347.222,12.078,15.917,82,83,82,0,0,2,0,82,1,82,81,81,0,0
80,anchor,format-only,9.125,8.635,8.299,5.127,0.741,302.903,9.049,19.522,81,82,81,80,79,0,0,81,1,81,80,80,6560,6399
80,anchor,structural,4.567,6.535,4.890,5.108,2.748,365.329,7.334,16.058,82,83,82,80,79,2,0,82,1,82,81,81,6640,6478
160,legacy,format-only,0.664,0.865,9.789,16.583,1.721,4893.193,18.805,29.631,161,162,161,0,0,0,0,161,1,161,160,160,0,0
160,legacy,structural,1.163,1.112,12.976,7.668,3.739,4988.477,11.430,33.944,162,163,162,0,0,2,0,162,1,162,161,161,0,0
160,anchor,format-only,7.369,18.521,10.549,7.503,0.880,4952.000,13.695,31.454,161,162,161,160,159,0,0,161,1,161,160,160,25920,25599
160,anchor,structural,7.834,18.501,11.530,8.975,5.643,4953.394,10.993,31.373,162,163,162,160,159,2,0,162,1,162,161,161,26080,25758
320,legacy,format-only,3.224,1.774,18.023,19.370,1.621,84068.800,21.462,77.566,321,322,321,0,0,0,0,321,1,321,320,320,0,0
320,legacy,structural,1.598,2.004,17.487,18.060,4.999,82561.360,21.114,60.885,322,323,322,0,0,2,0,322,1,322,321,321,0,0
320,anchor,format-only,10.250,17.446,15.989,17.863,1.525,83608.290,23.132,70.659,321,322,321,320,319,0,0,321,1,321,320,320,103040,102399
320,anchor,structural,9.087,12.574,15.122,25.826,3.984,84964.199,20.138,80.001,322,323,322,320,319,2,0,322,1,322,321,321,103360,102718
