"id","category","source_file","expected_status","expected_diagnostic","canonical_file","language_version","notes"
"v001","valid","valid/v001_let_set.ems","VALID","NONE","NONE","1.0","Canonical local declaration and mutation"
"v002","valid","valid/v002_scalar_literals_escapes.ems","VALID","NONE","NONE","1.0","String Number Bool and all V1 escapes including Unicode"
"v003","valid","valid/v003_precedence.ems","VALID","NONE","NONE","1.0","Arithmetic comparison equality and logic precedence"
"v004","valid","valid/v004_unary_not.ems","VALID","NONE","NONE","1.0","Unary Bool negation"
"v005","valid","valid/v005_named_arguments.ems","VALID","NONE","NONE","1.0","Positional arguments before named arguments"
"v006","valid","valid/v006_list_index_mutation.ems","VALID","NONE","NONE","1.0","List creation indexing add set and remove"
"v007","valid","valid/v007_if_elseif_else.ems","VALID","NONE","NONE","1.0","Canonical conditional branches"
"v008","valid","valid/v008_repeat.ems","VALID","NONE","NONE","1.0","Canonical REPEAT"
"v009","valid","valid/v009_while.ems","VALID","NONE","NONE","1.0","Canonical WHILE"
"v010","valid","valid/v010_for_break_continue.ems","VALID","NONE","NONE","1.0","FOR with scoped BREAK and CONTINUE"
"v011","valid","valid/v011_function_return.ems","VALID","NONE","NONE","1.0","Typed Number and Void functions without recursion"
"v012","valid","valid/v012_point_path.ems","VALID","NONE","NONE","1.0","Timeless Point LineSegment BezierSegment and Path"
"v013","valid","valid/v013_swipe_path.ems","VALID","NONE","NONE","1.0","Single-pointer swipe consuming timeless Path"
"v014","valid","valid/v014_multipath.ems","VALID","NONE","NONE","1.0","Parallel PointerPaths in MultiPath"
"v015","valid","valid/v015_push_pull_pan_rotate.ems","VALID","NONE","NONE","1.0","Canonical high-level multi-touch gestures"
"v016","valid","valid/v016_draw_overlay_handle.ems","VALID","NONE","NONE","1.0","Immutable Shape rendered to OverlayHandle"
"v017","valid","valid/v017_transform.ems","VALID","NONE","NONE","1.0","Synchronous OverlayHandle transform"
"v018","valid","valid/v018_animate.ems","VALID","NONE","NONE","1.0","Timed animation over timeless Path"
"v019","valid","valid/v019_provider_namespace.ems","VALID","NONE","NONE","1.0","Canonical provider namespace spelling"
"v020","valid","valid/v020_projection_directives.ems","VALID","NONE","NONE","1.0","Paired range and unpaired point directives"
"v021","valid","valid/v021_trace_mark.ems","VALID","NONE","NONE","1.0","Runtime trace action distinct from projection marker"
"i001","invalid","invalid/i001_unknown_escape.ems","INVALID","INVALID_ESCAPE","NONE","1.0","Unknown escape preserves original source range"
"i002","invalid","invalid/i002_set_unknown.ems","INVALID","UNKNOWN_VARIABLE","NONE","1.0","SET never declares"
"i003","invalid","invalid/i003_duplicate_let.ems","INVALID","VARIABLE_ALREADY_DECLARED","NONE","1.0","Duplicate declaration in one scope"
"i004","invalid","invalid/i004_invalid_list_index.ems","INVALID","INDEX_OUT_OF_BOUNDS","NONE","1.0","No clamp null or fallback"
"i005","invalid","invalid/i005_break_outside_loop.ems","INVALID","INVALID_LOOP_CONTROL","NONE","1.0","BREAK requires loop scope"
"i006","invalid","invalid/i006_continue_outside_loop.ems","INVALID","INVALID_LOOP_CONTROL","NONE","1.0","CONTINUE requires loop scope"
"i007","invalid","invalid/i007_recursive_function.ems","INVALID","RECURSION_NOT_SUPPORTED","NONE","1.0","Direct recursion is outside V1"
"i008","invalid","invalid/i008_malformed_directive_pair.ems","INVALID","DIRECTIVE_MISSING_END","NONE","1.0","Range directive requires stable-ID pair"
"i009","invalid","invalid/i009_unknown_command.ems","INVALID","UNKNOWN_COMMAND","NONE","1.0","Unknown command never falls back silently"
"i010","invalid","invalid/i010_invalid_argument_type.ems","INVALID","TYPE_MISMATCH","NONE","1.0","wait requires numeric duration"
"l001","legacy","legacy/l001_bare_variables.ems","LEGACY_VALID","LEGACY_SYNTAX","canonical/c001_bare_variables.ems","1.0","Scope-aware variable normalization"
"l002","legacy","legacy/l002_brace_if.ems","LEGACY_VALID","LEGACY_SYNTAX","canonical/c002_brace_if.ems","1.0","CST-aware brace normalization"
"l003","legacy","legacy/l003_else_if.ems","LEGACY_VALID","LEGACY_SYNTAX","canonical/c003_else_if.ems","1.0","ELSE IF normalizes to ELSEIF"
"l004","legacy","legacy/l004_rem_comment.ems","LEGACY_VALID","LEGACY_SYNTAX","canonical/c004_rem_comment.ems","1.0","REM comment normalizes to slash comment"
"l005","legacy","legacy/l005_click_text_overload.ems","LEGACY_VALID","LEGACY_ALIAS","canonical/c005_click_text_overload.ems","1.0","String overload maps to clickText"
"l006","legacy","legacy/l006_click_point.ems","LEGACY_VALID","LEGACY_ALIAS","canonical/c006_click_point.ems","1.0","clickPoint maps to coordinate click"
"l007","legacy","legacy/l007_capitalized_provider.ems","LEGACY_VALID","LEGACY_ALIAS","canonical/c007_capitalized_provider.ems","1.0","Registered namespace alias"
"l008","legacy","legacy/l008_touch_sequence.ems","LEGACY_STRUCTURAL_MIGRATION","STRUCTURAL_MIGRATION_REQUIRED","CANONICALIZATION_REQUIRES_STRUCTURAL_MIGRATION","1.0","Raw sequence must be decoded to typed touch values"
"l009","legacy","legacy/l009_rem_flow_break.ems","LEGACY_VALID","LEGACY_ALIAS","canonical/c009_rem_flow_break.ems","1.0","Lossless point-directive mapping"
"l010","legacy","legacy/l010_rem_layout_hint.ems","LEGACY_VALID","LEGACY_ALIAS","canonical/c010_rem_layout_hint.ems","1.0","Lossless point-directive mapping"
"l011","legacy","legacy/l011_rem_region_structural.ems","LEGACY_STRUCTURAL_MIGRATION","STRUCTURAL_MIGRATION_REQUIRED","CANONICALIZATION_REQUIRES_STRUCTURAL_MIGRATION","1.0","Extent and identity cannot be inferred safely"
